ことりママ,南ことり
ことりママ,真姫ママ
モブレイパー,ママ
優木あんじゅ
優木あんじゅ,南ことり
優木あんじゅ,南ことり
優木あんじゅ,綺羅ツバサ,統堂英玲奈
南ことり
南ことり
南ことり
南ことり
南ことり
南ことり
南ことり
南ことり
南ことり
南ことり
南ことり
南ことり
南ことり
南ことり
南ことり
南ことり
南ことり
南ことり
南ことり
南ことり
南ことり
南ことり
南ことり
南ことり
南ことり
南ことり
南ことり
南ことり
南ことり
南ことり
南ことり
南ことり
南ことり
国木田花丸
国木田花丸
国木田花丸
園田海未
園田海未
園田海未
園田海未
園田海未
園田海未
園田海未
園田海未
園田海未
園田海未
園田海未
園田海未
園田海未
園田海未,南ことり
園田海未,南ことり
園田海未,南ことり
園田海未,南ことり
園田海未,南ことり
園田海未,南ことり
園田海未,星空凛
園田海未,星空凛
園田海未,東條希
園田海未,東條希
園田海未,東條希,矢澤にこ
園田海未,矢澤にこ,西木野真姫
園田海未,絢瀬絵里
園田海未,絢瀬絵里
園田海未,絢瀬絵里
園田海未,絢瀬絵里
園田海未,絢瀬絵里
園田海未,絢瀬絵里
園田海未,絢瀬絵里
園田海未,絢瀬絵里,東條希
園田海未,西木野真姫
園田海未,西木野真姫
園田海未,高坂穂乃果
園田海未,高坂穂乃果
園田海未,高坂穂乃果
園田海未,高坂穂乃果,南ことり
園田海未,高坂穂乃果,南ことり
園田海未,高坂穂乃果,南ことり
園田海未,高坂穂乃果,南ことり
園田海未,高坂穂乃果,南ことり
園田海未,高坂穂乃果,南ことり
園田海未,高坂穂乃果,南ことり
園田海未,高坂穂乃果,南ことり
園田海未,高坂穂乃果,南ことり
園田海未,高坂穂乃果,南ことり
園田海未,高坂穂乃果,南ことり
小原鞠莉
小泉花陽
小泉花陽
小泉花陽
小泉花陽
小泉花陽
小泉花陽,西木野真姫
小泉花陽,西木野真姫
星空凛
星空凛
星空凛
星空凛
星空凛
星空凛,小泉花陽
星空凛,小泉花陽
星空凛,小泉花陽
星空凛,小泉花陽
星空凛,小泉花陽,西木野真姫
星空凛,小泉花陽,西木野真姫
星空凛,矢澤にこ,西木野真姫
星空凛,矢澤にこ,高坂穂乃果,西木野真姫
星空凛,矢澤虎太郎,南ことり
星空凛,西木野真姫
東條希
東條希
東條希
東條希
東條希
東條希
東條希
東條希
東條希
東條希
東條希
東條希
東條希
東條希
東條希
東條希
東條希
東條希
東條希
東條希
東條希
東條希
東條希
東條希
東條希
東條希,モブ
東條希,モブ
東條希,南ことり
東條希,南ことり
東條希,小泉花陽
東條希,矢澤にこ
東條希,矢澤にこ
東條希,矢澤にこ
東條希,矢澤にこ
東條希,矢澤にこ
東條希,絢瀬絵里
東條希,絢瀬絵里
東條希,絢瀬絵里
東條希,絢瀬絵里
東條希,絢瀬絵里
東條希,絢瀬絵里
東條希,絢瀬絵里
東條希,絢瀬絵里
東條希,絢瀬絵里
東條希,絢瀬絵里
東條希,絢瀬絵里
東條希,絢瀬絵里
東條希,絢瀬絵里,矢澤にこ
東條希,絢瀬絵里,西木野真姫
東條希,西木野真姫
東條希,高坂穂乃果,西木野真姫
園田海未,南ことり,高坂穂乃果,絢瀬絵里
矢澤にこ
矢澤にこ
矢澤にこ
矢澤にこ
矢澤にこ
矢澤にこ
矢澤にこ
矢澤にこ
矢澤にこ
矢澤にこ
矢澤にこ
矢澤にこ
矢澤にこ
矢澤にこ
矢澤にこ
矢澤にこ,南ことり
矢澤にこ,小泉花陽
矢澤にこ,西木野真姫
矢澤にこ,西木野真姫
矢澤にこ,西木野真姫
矢澤にこ,西木野真姫
矢澤にこ,西木野真姫
矢澤にこ,西木野真姫
矢澤にこ,西木野真姫
矢澤にこ,西木野真姫
矢澤にこ,西木野真姫
矢澤にこ,西木野真姫
矢澤にこ,西木野真姫
矢澤にこ,西木野真姫
矢澤にこ,西木野真姫
矢澤にこ,西木野真姫
矢澤にこ,西木野真姫
矢澤にこ,西木野真姫
矢澤にこ,西木野真姫
矢澤にこ,西木野真姫
矢澤にこ,西木野真姫
矢澤にこ,西木野真姫
矢澤にこ,西木野真姫
矢澤にこ,西木野真姫
矢澤にこ,高坂穂乃果,南ことり
矢澤にこ,高坂穂乃果,南ことり
矢澤にこ,高坂穂乃果,西木野真姫
矢澤にこ,高坂穂乃果,西木野真姫
矢澤にこ,高坂穂乃果,西木野真姫
矢澤虎太郎,南ことり
矢澤虎太郎,南ことり
絢瀬亜里沙,高坂雪穂
絢瀬絵里
絢瀬絵里
絢瀬絵里
絢瀬絵里
絢瀬絵里
絢瀬絵里
絢瀬絵里
絢瀬絵里
絢瀬絵里
絢瀬絵里
絢瀬絵里
絢瀬絵里
絢瀬絵里
絢瀬絵里
絢瀬絵里
絢瀬絵里
絢瀬絵里
絢瀬絵里
絢瀬絵里
絢瀬絵里
絢瀬絵里
絢瀬絵里
絢瀬絵里
絢瀬絵里
絢瀬絵里
絢瀬絵里
絢瀬絵里
絢瀬絵里
絢瀬絵里
絢瀬絵里
絢瀬絵里
絢瀬絵里
絢瀬絵里
絢瀬絵里
絢瀬絵里
絢瀬絵里
絢瀬絵里
絢瀬絵里
絢瀬絵里
絢瀬絵里
絢瀬絵里
絢瀬絵里
絢瀬絵里
絢瀬絵里,園田海未
絢瀬絵里,星空凛,小泉花陽
絢瀬絵里,星空凛,矢澤にこ,高坂穂乃果
絢瀬絵里,東條希
絢瀬絵里,東條希
絢瀬絵里,東條希
絢瀬絵里,東條希
絢瀬絵里,東條希
絢瀬絵里,東條希
絢瀬絵里,東條希
絢瀬絵里,東條希
絢瀬絵里,東條希
絢瀬絵里,東條希
絢瀬絵里,東條希
絢瀬絵里,東條希,矢澤にこ
絢瀬絵里,矢澤にこ
絢瀬絵里,矢澤にこ,西木野真姫
絢瀬絵里,矢澤にこ,西木野真姫
絢瀬絵里,絢瀬亜里沙
絢瀬絵里,西木野真姫
絢瀬絵里,西木野真姫
絢瀬絵里,西木野真姫,南ことり
絢瀬絵里,西木野真姫,南ことり
絢瀬絵里,西木野真姫,南ことり
絢瀬絵里,高坂穂乃果
絢瀬絵里,高坂穂乃果
絢瀬絵里,高坂穂乃果,南ことり
綺羅ツバサ
綺羅ツバサ,南ことり
綺羅ツバサ,高坂穂乃果
花陽ママ,小泉花陽
西木野真姫
西木野真姫
西木野真姫
西木野真姫
西木野真姫
西木野真姫
西木野真姫
西木野真姫
西木野真姫
西木野真姫
西木野真姫
西木野真姫
西木野真姫
西木野真姫
西木野真姫
西木野真姫
西木野真姫
西木野真姫
西木野真姫,モブ
西木野真姫,南ことり
鞠莉,果南
高坂穂乃果
高坂穂乃果
高坂穂乃果
高坂穂乃果
高坂穂乃果
高坂穂乃果,南ことり
高坂穂乃果,南ことり
高坂穂乃果,南ことり
高坂穂乃果,南ことり
高坂穂乃果,南ことり
高坂穂乃果,南ことり
高坂穂乃果,南ことり
高坂穂乃果,南ことり
高坂穂乃果
高坂穂乃果
高坂穂乃果
高坂穂乃果
高坂穂乃果,南ことり,園田海未
高坂穂乃果,南ことり,園田海未
高坂穂乃果,南ことり,園田海未,星空凛,小泉花陽,西木野真姫,東條希,矢澤にこ,絢瀬絵里
高坂穂乃果,南ことり,園田海未,星空凛,小泉花陽,西木野真姫,東條希,矢澤にこ,絢瀬絵里
高坂穂乃果,南ことり,園田海未,星空凛,小泉花陽,西木野真姫,東條希,矢澤にこ,絢瀬絵里
高坂穂乃果,南ことり,園田海未,星空凛,小泉花陽,西木野真姫,東條希,矢澤にこ,絢瀬絵里
高坂穂乃果,南ことり,園田海未,星空凛,小泉花陽,西木野真姫,東條希,矢澤にこ,絢瀬絵里
高坂穂乃果,南ことり,園田海未,星空凛,小泉花陽,西木野真姫,東條希,矢澤にこ,絢瀬絵里
高坂雪穂,高坂穂乃果,高坂ママ